[
  {
    "line": 1,
    "elements": [
      {
        "line": 3,
        "name": "Create Contract",
        "description": "",
        "id": "gpg-crm;create-contract",
        "type": "scenario",
        "keyword": "Scenario",
        "steps": [
          {
            "result": {
              "duration": 18416535174,
              "status": "passed"
            },
            "line": 4,
            "name": "user opens browser",
            "match": {
              "location": "commonSteps.user_opens_browser()"
            },
            "keyword": "Given "
          },
          {
            "result": {
              "duration": 7300809269,
              "status": "passed"
            },
            "line": 6,
            "name": "user logs onto system",
            "match": {
              "location": "commonSteps.user_logs_onto_system()"
            },
            "keyword": "Then "
          },
          {
            "result": {
              "duration": 13912347,
              "status": "passed"
            },
            "line": 7,
            "name": "Home page is displayed",
            "match": {
              "location": "commonSteps.home_page_is_displayed()"
            },
            "keyword": "Then "
          },
          {
            "result": {
              "duration": 6196857092,
              "status": "passed"
            },
            "line": 8,
            "name": "user clicks on the link \"Clients\"",
            "match": {
              "arguments": [
                {
                  "val": "Clients",
                  "offset": 25
                }
              ],
              "location": "commonSteps.user_clicks_on_the_link(String)"
            },
            "keyword": "And "
          },
          {
            "result": {
              "duration": 5877496518,
              "status": "passed"
            },
            "line": 9,
            "name": "user clicks on the link \"Create Contract\"",
            "match": {
              "arguments": [
                {
                  "val": "Create Contract",
                  "offset": 25
                }
              ],
              "location": "commonSteps.user_clicks_on_the_link(String)"
            },
            "keyword": "And "
          },
          {
            "result": {
              "duration": 172353979,
              "status": "passed"
            },
            "line": 10,
            "name": "user selects \"8_8_18 Reg Org\" from dropdown \"* Client Organization\"",
            "match": {
              "arguments": [
                {
                  "val": "8_8_18 Reg Org",
                  "offset": 14
                },
                {
                  "val": "* Client Organization",
                  "offset": 45
                }
              ],
              "location": "commonSteps.user_selects_from_dropdown(String,String)"
            },
            "keyword": "And "
          },
          {
            "result": {
              "duration": 549402497,
              "status": "passed"
            },
            "line": 11,
            "name": "user enters \"12/05/2018\" in textbox \"* Start Date/CreateContract\"",
            "match": {
              "arguments": [
                {
                  "val": "12/05/2018",
                  "offset": 13
                },
                {
                  "val": "* Start Date/CreateContract",
                  "offset": 37
                }
              ],
              "location": "commonSteps.user_enters_in_textbox(String,String)"
            },
            "keyword": "And "
          },
          {
            "result": {
              "duration": 567843549,
              "status": "passed"
            },
            "line": 12,
            "name": "user enters \"30/11/2019\" in textbox \"* Real End Date/CreateContract\"",
            "match": {
              "arguments": [
                {
                  "val": "30/11/2019",
                  "offset": 13
                },
                {
                  "val": "* Real End Date/CreateContract",
                  "offset": 37
                }
              ],
              "location": "commonSteps.user_enters_in_textbox(String,String)"
            },
            "keyword": "And "
          },
          {
            "result": {
              "duration": 389886269,
              "status": "passed"
            },
            "line": 13,
            "name": "user enters \"\" in textbox \"* Original End Date/CreateContract\"",
            "match": {
              "arguments": [
                {
                  "val": "",
                  "offset": 13
                },
                {
                  "val": "* Original End Date/CreateContract",
                  "offset": 27
                }
              ],
              "location": "commonSteps.user_enters_in_textbox(String,String)"
            },
            "keyword": "And "
          },
          {
            "result": {
              "duration": 5000792920,
              "status": "passed"
            },
            "line": 14,
            "name": "user waits for \"5000\" milliseconds",
            "match": {
              "arguments": [
                {
                  "val": "5000",
                  "offset": 16
                }
              ],
              "location": "commonSteps.user_waits_for_milliseconds(long)"
            },
            "keyword": "And "
          },
          {
            "result": {
              "duration": 205897889,
              "status": "passed"
            },
            "line": 15,
            "name": "user selects \"MSA\" from dropdown \"* Contract Type\"",
            "match": {
              "arguments": [
                {
                  "val": "MSA",
                  "offset": 14
                },
                {
                  "val": "* Contract Type",
                  "offset": 34
                }
              ],
              "location": "commonSteps.user_selects_from_dropdown(String,String)"
            },
            "keyword": "And "
          },
          {
            "result": {
              "duration": 131810474,
              "status": "passed"
            },
            "line": 16,
            "name": "user selects \"Data\" from dropdown \"* Revenue Item\"",
            "match": {
              "arguments": [
                {
                  "val": "Data",
                  "offset": 14
                },
                {
                  "val": "* Revenue Item",
                  "offset": 35
                }
              ],
              "location": "commonSteps.user_selects_from_dropdown(String,String)"
            },
            "keyword": "And "
          },
          {
            "result": {
              "duration": 430614788,
              "status": "passed"
            },
            "line": 17,
            "name": "user enters \"1\" in textbox \"* Contract Value/CreateContract\"",
            "match": {
              "arguments": [
                {
                  "val": "1",
                  "offset": 13
                },
                {
                  "val": "* Contract Value/CreateContract",
                  "offset": 28
                }
              ],
              "location": "commonSteps.user_enters_in_textbox(String,String)"
            },
            "keyword": "And "
          },
          {
            "result": {
              "duration": 417285050,
              "status": "passed"
            },
            "comments": [
              {
                "line": 18,
                "value": "#And user enters \"1000\" in textbox \"* Annual Contract Value/CreateContract\""
              }
            ],
            "line": 19,
            "name": "user enters \"4\" in textbox \"* Max Units/CreateContract\"",
            "match": {
              "arguments": [
                {
                  "val": "4",
                  "offset": 13
                },
                {
                  "val": "* Max Units/CreateContract",
                  "offset": 28
                }
              ],
              "location": "commonSteps.user_enters_in_textbox(String,String)"
            },
            "keyword": "And "
          },
          {
            "result": {
              "duration": 429142601,
              "status": "passed"
            },
            "line": 20,
            "name": "user enters \"1\" in textbox \"* Incentive Units/CreateContract\"",
            "match": {
              "arguments": [
                {
                  "val": "1",
                  "offset": 13
                },
                {
                  "val": "* Incentive Units/CreateContract",
                  "offset": 28
                }
              ],
              "location": "commonSteps.user_enters_in_textbox(String,String)"
            },
            "keyword": "And "
          },
          {
            "result": {
              "duration": 410468959,
              "status": "passed"
            },
            "line": 21,
            "name": "user enters \"1\" in textbox \"* Unit Overage Charge/CreateContract\"",
            "match": {
              "arguments": [
                {
                  "val": "1",
                  "offset": 13
                },
                {
                  "val": "* Unit Overage Charge/CreateContract",
                  "offset": 28
                }
              ],
              "location": "commonSteps.user_enters_in_textbox(String,String)"
            },
            "keyword": "And "
          },
          {
            "result": {
              "duration": 409091921,
              "status": "passed"
            },
            "line": 22,
            "name": "user enters \"2\" in textbox \"* Value Per Rollover Unit/CreateContract\"",
            "match": {
              "arguments": [
                {
                  "val": "2",
                  "offset": 13
                },
                {
                  "val": "* Value Per Rollover Unit/CreateContract",
                  "offset": 28
                }
              ],
              "location": "commonSteps.user_enters_in_textbox(String,String)"
            },
            "keyword": "And "
          },
          {
            "result": {
              "duration": 384525753,
              "status": "passed"
            },
            "line": 23,
            "name": "user enters \"2\" in textbox \"* Units Rolled Over from Previous Contract/CreateContract\"",
            "match": {
              "arguments": [
                {
                  "val": "2",
                  "offset": 13
                },
                {
                  "val": "* Units Rolled Over from Previous Contract/CreateContract",
                  "offset": 28
                }
              ],
              "location": "commonSteps.user_enters_in_textbox(String,String)"
            },
            "keyword": "And "
          },
          {
            "result": {
              "duration": 181327567,
              "status": "passed"
            },
            "line": 24,
            "name": "user checks the checkbox \"Active\"",
            "match": {
              "arguments": [
                {
                  "val": "Active",
                  "offset": 26
                }
              ],
              "location": "commonSteps.user_checks_the_checkbox(String)"
            },
            "keyword": "And "
          },
          {
            "result": {
              "duration": 5000070985,
              "status": "passed"
            },
            "line": 25,
            "name": "user waits for \"5000\" milliseconds",
            "match": {
              "arguments": [
                {
                  "val": "5000",
                  "offset": 16
                }
              ],
              "location": "commonSteps.user_waits_for_milliseconds(long)"
            },
            "keyword": "And "
          },
          {
            "result": {
              "duration": 11552045941,
              "status": "passed"
            },
            "line": 26,
            "name": "user clicks on the button \"Create\"",
            "match": {
              "arguments": [
                {
                  "val": "Create",
                  "offset": 27
                }
              ],
              "location": "commonSteps.user_clicks_on_the_button(String)"
            },
            "keyword": "And "
          },
          {
            "result": {
              "duration": 4999960732,
              "status": "passed"
            },
            "line": 27,
            "name": "user waits for \"5000\" milliseconds",
            "match": {
              "arguments": [
                {
                  "val": "5000",
                  "offset": 16
                }
              ],
              "location": "commonSteps.user_waits_for_milliseconds(long)"
            },
            "keyword": "And "
          }
        ],
        "tags": [
          {
            "line": 2,
            "name": "@ALL"
          }
        ]
      }
    ],
    "name": "GPG CRM",
    "description": "",
    "id": "gpg-crm",
    "keyword": "Feature",
    "uri": "CreateContract.feature"
  }
]